{
    "GD": [
        4.9757548130041, 
        4.577515002232707, 
        3.5404361412503045, 
        8.304959862925317, 
        4.474345305973214, 
        4.32194443945767, 
        7.003914936096046, 
        3.1716883138638847, 
        6.957987132835816, 
        1.9689380935595828
    ], 
    "IGD": [
        5.819455433299618, 
        3.4100015778858337, 
        4.1718644924208395, 
        3.0674040102348945, 
        3.8762564211046384, 
        2.3430074943420998, 
        4.504791396568201, 
        3.6102031050131327, 
        2.7621541721678136, 
        2.9525732261251627
    ], 
    "HV": [
        6.733834591186971, 
        6.6281929717464925, 
        6.46087356091512, 
        6.813187478449349, 
        6.3832556386699535, 
        6.3410605524774475, 
        6.518848497404498, 
        7.1467968895614895, 
        6.507235077219652, 
        6.54612188601042
    ]
}