{
    "GD": [
        0.8191686517321589, 
        0.8122823688002762, 
        0.7802541742482083, 
        0.8355533107045108, 
        0.8495376626327231, 
        0.7554711552994758, 
        0.8512033429147668, 
        0.7990671368468203, 
        0.8348093350246115, 
        0.8178138109502028
    ], 
    "IGD": [
        1.161905225957412, 
        0.6380983467968403, 
        2.409526179378234, 
        1.3238097576582024, 
        0.8952430163774071, 
        1.96190870862217, 
        1.3714299183690488, 
        1.6190482413442449, 
        1.2761918437030013, 
        2.552388466753642
    ], 
    "HV": [
        7.645642050825647, 
        7.608069263765316, 
        7.5071776503896555, 
        7.6395663719362, 
        7.553976117439781, 
        7.6019451365025645, 
        7.6069484236768945, 
        7.6238929146886765, 
        7.636575187188345, 
        7.464454441893434
    ]
}