{
    "GD": [
        51.88598357957115, 
        30.738568337309427, 
        42.297614467451034, 
        2.1573991634136838, 
        56.201160160042896, 
        22.889846753723262, 
        4.980199208305042, 
        3.5016204973886076, 
        81.23835094866236, 
        16.278831064083047
    ], 
    "IGD": [
        74.81444841630699, 
        144.33001280980653, 
        60.18351346738642, 
        59.72608223346935, 
        113.54432758411625, 
        110.18740204274953, 
        59.15559521965187, 
        71.4410676135124, 
        152.97291513640806, 
        85.49697486903666
    ], 
    "HV": [
        -3.676802057253583, 
        -3.4371890670704714, 
        -2.102912905488421, 
        -1.1102198232655907, 
        -0.6787706005452245, 
        -4.130869144361273, 
        -0.9330179682991793, 
        -2.893095495011379, 
        -11.206548935080288, 
        0.0013122687733129745
    ]
}