{
    "GD": [
        0.48777187668755495, 
        0.6763055662807629, 
        0.3737803669214723, 
        0.5587608469916544, 
        0.573585011495496, 
        0.8102211019427127, 
        0.6226189129264239, 
        0.531254936615571, 
        0.545780191364273, 
        0.6728318446840124
    ], 
    "IGD": [
        3.8115396093611995, 
        3.0043165403496537, 
        2.977989393782584, 
        3.8690842389479485, 
        3.6503223540438237, 
        4.006858877844609, 
        3.119112077030109, 
        3.7705365283569368, 
        4.997030991183796, 
        2.802878867564801
    ], 
    "HV": [
        17.107803089616706, 
        16.64083409094068, 
        16.830819723106206, 
        18.239382740587917, 
        17.412160437325277, 
        17.314202011427415, 
        17.618494858327832, 
        17.634856750620436, 
        16.460925941676436, 
        17.5798089742787
    ]
}