{
    "GD": [
        7.392965898006314, 
        6.718133886348512, 
        1.4675582718141456, 
        3.9119455093195894, 
        7.591373186981706, 
        2.9407332352906392, 
        4.123254967784916, 
        15.060092853558814, 
        10.74544942751075, 
        0.8374059170929365
    ], 
    "IGD": [
        34.1030612484353, 
        19.006824648923516, 
        40.17998872806452, 
        35.21006003864297, 
        29.81990199132418, 
        42.85888439131402, 
        49.358904891889736, 
        43.141801374400636, 
        34.94655876959122, 
        40.11306476400096
    ], 
    "HV": [
        -1.7763212425931192, 
        -1.7456892629202905, 
        2.4129108849663994, 
        1.6872986292884902, 
        1.1704539071005815, 
        -0.10787031278496348, 
        1.5946518081181, 
        1.4011700571630556, 
        1.3598225679051748, 
        3.41643421903276
    ]
}