{
    "GD": [
        0.2417754307584644, 
        0.2058986668746966, 
        0.20861268812977396, 
        0.20269629448023815, 
        0.2342490265448229, 
        0.25882603889740524, 
        0.2176512890929777, 
        0.16145186513699952, 
        0.2109743187861516, 
        0.27129567526095666
    ], 
    "IGD": [
        5.387114672726912, 
        6.303213848017669, 
        4.046105166150297, 
        6.661374063279566, 
        3.148788869214528, 
        8.180899022033845, 
        5.5749486085050854, 
        2.9337404390318036, 
        7.086821944181505, 
        6.067063001480307
    ], 
    "HV": [
        11.141552876480954, 
        11.573529131417088, 
        11.399458348309228, 
        11.5600020918742, 
        11.841836216648948, 
        11.449421579936029, 
        11.803852004674695, 
        11.565861352932775, 
        11.73133360233872, 
        11.283447190837146
    ]
}