{
    "GD": [
        1.707769784159053, 
        1.0234672105214628, 
        1.1447776586342848, 
        1.3681246104560543, 
        1.3687222704449282, 
        1.71567971431903, 
        1.731828265513637, 
        9.688774182028375, 
        1.5095540347534182, 
        1.1925815093527747
    ], 
    "IGD": [
        16.000105707406735, 
        22.671120005485275, 
        15.801940812459268, 
        22.472643618791086, 
        18.607051136560298, 
        15.678065293765924, 
        19.900340622475248, 
        19.26336857061108, 
        18.46999134545683, 
        16.856005761943756
    ], 
    "HV": [
        27.174474464739212, 
        24.003325987965304, 
        25.470972985756788, 
        26.245573732179732, 
        25.1873507259859, 
        24.62076139114414, 
        27.82093739870036, 
        27.791250171876747, 
        30.621086419921603, 
        27.354422324239323
    ]
}