{
    "GD": [
        0.37048760492452854, 
        0.44041299179666604, 
        0.4092497000299965, 
        0.482620508492774, 
        0.3833866945350747, 
        0.2994340182475699, 
        0.46764219288069825, 
        0.4597882543317328, 
        0.42124603287780976, 
        0.3167648728072898
    ], 
    "IGD": [
        9.049793919560956, 
        5.930412768831326, 
        7.876364463141023, 
        8.093945973834286, 
        5.58953342926587, 
        9.493942543591176, 
        5.519204053809146, 
        7.830652951669553, 
        8.598541449802727, 
        4.204037549941889
    ], 
    "HV": [
        40.37441173321791, 
        42.10758832893198, 
        40.04096994928758, 
        40.44579587348114, 
        39.87283453283742, 
        39.08446621812998, 
        42.235358761456204, 
        41.38867567915471, 
        39.57965892661011, 
        41.888904449419265
    ]
}