{
    "GD": [
        0.5789676347691989, 
        0.5497016696645461, 
        0.5363870155640841, 
        0.9153171438151656, 
        1.3212319654453437, 
        1.0067104790690151, 
        0.4931192229670282, 
        0.27380384778939415, 
        0.42472879365042693, 
        0.8477853272028532
    ], 
    "IGD": [
        40.047093933906154, 
        33.8553432430443, 
        47.179197423575374, 
        16.75778666711697, 
        28.032091058514084, 
        22.922996742239974, 
        28.517219917649403, 
        57.84143907405274, 
        34.59707800366488, 
        47.793207122247615
    ], 
    "HV": [
        13.658257122462269, 
        15.914924907965503, 
        12.806966391614814, 
        15.551215317941123, 
        11.978131800120767, 
        11.773716213872383, 
        8.421829401706734, 
        11.370909800027638, 
        13.273319862774912, 
        13.115390513510132
    ]
}