{
    "GD": [
        0.541648896829448, 
        0.3747314652048021, 
        0.5467496463741355, 
        0.41026649463949527, 
        0.39128340518801646, 
        0.09823049488807364, 
        0.5970851295130978, 
        0.5343103310228136, 
        0.4438409973564206, 
        0.05378723767781801
    ], 
    "IGD": [
        2.4107194355540424, 
        2.8520287307511794, 
        3.59548695517708, 
        2.906112490134088, 
        2.125858311787846, 
        2.8848682923893185, 
        2.3912408739341235, 
        2.6606786439101375, 
        3.2107695611814537, 
        3.678821580983198
    ], 
    "HV": [
        25.117813918332782, 
        25.454840047597376, 
        25.353680446798624, 
        25.649419070895103, 
        25.83436191202925, 
        25.71781858429216, 
        25.68759737508072, 
        25.40327303546912, 
        25.24318713187239, 
        25.637639828595866
    ]
}