{
    "GD": [
        2.8567113983110533, 
        2.8588984113094944, 
        2.8567113983110533, 
        2.8567113983110533, 
        2.8567113983110533, 
        2.8571489457448767, 
        2.857166445710434, 
        2.85846113545097, 
        2.856728900956972, 
        2.8571489363232496
    ], 
    "IGD": [
        0.5916677462497042, 
        1.4166693191041528, 
        0.49166816479115383, 
        0.5750018499967143, 
        0.5333350905635158, 
        2.4416672780029347, 
        1.7250005888440698, 
        1.2416672622536171, 
        1.2583349752145525, 
        0.7500017524499417
    ], 
    "HV": [
        8.565765999824201, 
        8.489485468271582, 
        8.59860704592888, 
        8.516337114550915, 
        8.526228991325134, 
        8.497981468981324, 
        8.545980901740236, 
        8.530922369287241, 
        8.519648311792661, 
        8.549754054017233
    ]
}