{
    "GD": [
        1.275580809509537, 
        1.4110979764333782, 
        1.2776089089479767, 
        1.5721745545100407, 
        1.457027821047133, 
        1.3164223292473143, 
        1.3951979901459137, 
        1.4859079586721011, 
        1.269666021163722, 
        1.2335370574251474
    ], 
    "IGD": [
        3.5833344751579705, 
        1.741671413332227, 
        1.3083392015969693, 
        1.7667098846882279, 
        1.6083386977974816, 
        2.5500020122956744, 
        1.9333436431993398, 
        2.8333422193176006, 
        2.39167226437664, 
        1.675010236517469
    ], 
    "HV": [
        8.229972074379683, 
        8.216745094534883, 
        8.191987405771343, 
        7.939596518718775, 
        8.206271018257292, 
        8.329801006137531, 
        8.183614802716761, 
        8.035640907166336, 
        8.220430543170774, 
        8.225487643605058
    ]
}