{
    "GD": [
        4.239309013698846, 
        5.846414322591553, 
        7.850483163149577, 
        1.0198051960830428, 
        5.144503959627334, 
        0.5908600222047661, 
        5.781607385109795, 
        4.534058599812401, 
        5.409123474771152, 
        2.3063261334000957
    ], 
    "IGD": [
        4.0666948100986735, 
        7.89168485283312, 
        3.67504566177697, 
        4.1750221038304245, 
        5.058572114274276, 
        3.2083536192672075, 
        5.0500120187593405, 
        8.591680685955463, 
        6.7500284202278635, 
        4.366708338578832
    ], 
    "HV": [
        7.303914644431402, 
        7.38763165024158, 
        7.356092712254542, 
        7.939411987997887, 
        7.764007921382842, 
        7.605128134347969, 
        7.620722908541848, 
        7.239369426677526, 
        7.466276732285561, 
        7.678118592025361
    ]
}